{
  "___settings": {
    "reloadOnSleep": 30,
    "reconnectInterval": 10000,
    "darkReloadScreen": false,
    "destroyViewsAfter": 30,
    "statesDebounceTime": "10"
  },
  "syslog": {
    "settings": {
      "style": {
        "background_class": "hq-background-h-gradient-black-4",
        "background": ""
      },
      "theme": "redmond",
      "sizex": "",
      "sizey": "",
      "gridSize": "",
      "snapType": null,
      "class": "",
      "useBackground": true
    },
    "widgets": {
      "w00017": {
        "tpl": "i-vis-jsontable",
        "data": {
          "g_fixed": false,
          "g_visibility": false,
          "g_css_font_text": false,
          "g_css_background": false,
          "g_css_shadow_padding": false,
          "g_css_border": false,
          "g_gestures": false,
          "g_signals": false,
          "g_last_change": false,
          "visibility-cond": "==",
          "visibility-val": 1,
          "visibility-groups-action": "hide",
          "iTblRowLimit": "250",
          "iTableRefreshRate": "0",
          "iColCount": "13",
          "iColShow1": "true",
          "iTblCellFormat1": "normal",
          "iTblCellImageSize1": "200",
          "iTblTextAlign1": "left",
          "iOpacityAll": "1",
          "iTblRowEvenColor": "#333333",
          "iTblRowUnevenColor": "#455618",
          "iTblHeaderColor": "#333333",
          "iRowSpacing": "7.7",
          "iTblRowEvenTextColor": "#ffffff",
          "iTblRowUnevenTextColor": "#ffffff",
          "iTblHeaderTextColor": "#ffffff",
          "iBorderSize": "0",
          "iBorderStyleLeft": "none",
          "iBorderStyleRight": "none",
          "iBorderStyleUp": "none",
          "iBorderStyleDown": "none",
          "iBorderColor": "#ffffff",
          "signals-cond-0": "==",
          "signals-val-0": true,
          "signals-icon-0": "/vis.0/main/lowbattery.png",
          "signals-icon-size-0": 0,
          "signals-blink-0": false,
          "signals-horz-0": 0,
          "signals-vert-0": 0,
          "signals-hide-edit-0": false,
          "signals-cond-1": "==",
          "signals-val-1": true,
          "signals-icon-1": "/vis.0/main/lowbattery.png",
          "signals-icon-size-1": 0,
          "signals-blink-1": false,
          "signals-horz-1": 0,
          "signals-vert-1": 0,
          "signals-hide-edit-1": false,
          "signals-cond-2": "==",
          "signals-val-2": true,
          "signals-icon-2": "/vis.0/main/lowbattery.png",
          "signals-icon-size-2": 0,
          "signals-blink-2": false,
          "signals-horz-2": 0,
          "signals-vert-2": 0,
          "signals-hide-edit-2": false,
          "lc-type": "last-change",
          "lc-is-interval": true,
          "lc-is-moment": false,
          "lc-format": "",
          "lc-position-vert": "top",
          "lc-position-horz": "right",
          "lc-offset-vert": 0,
          "lc-offset-horz": 0,
          "lc-font-size": "12px",
          "lc-font-family": "",
          "lc-font-style": "",
          "lc-bkg-color": "",
          "lc-color": "",
          "lc-border-width": "0",
          "lc-border-style": "",
          "lc-border-color": "",
          "lc-border-radius": 10,
          "lc-zindex": 0,
          "oid": "ems-esp.0.syslog.server.syslog",
          "iColShow2": "true",
          "iTblCellFormat2": "normal",
          "iTblCellImageSize2": "200",
          "iTblTextAlign2": "left",
          "iColShow3": "true",
          "iTblCellFormat3": "normal",
          "iTblCellImageSize3": "200",
          "iTblTextAlign3": "center",
          "iColShow4": "true",
          "iTblCellFormat4": "normal",
          "iTblCellImageSize4": "200",
          "iTblTextAlign4": "center",
          "iColShow5": "true",
          "iTblCellFormat5": "normal",
          "iTblCellImageSize5": "200",
          "iTblTextAlign5": "center",
          "iTblShowHead": false,
          "iColName2": "Verbrauch",
          "iVertScroll": true,
          "iTblCellBooleanCheckbox1": "false",
          "iTblCellBooleanColorFalse1": "#ff0000",
          "iTblCellBooleanColorTrue1": "#00ff00",
          "iTblCellNumberDecimals1": "2",
          "iTblCellNumberDecimalSeperator1": ".",
          "iTblCellNumberThousandSeperator1": ",",
          "iTblCellBooleanCheckbox2": "false",
          "iTblCellBooleanColorFalse2": "#ff0000",
          "iTblCellBooleanColorTrue2": "#00ff00",
          "iTblCellNumberDecimals2": "2",
          "iTblCellNumberDecimalSeperator2": ".",
          "iTblCellNumberThousandSeperator2": ",",
          "iTblCellBooleanCheckbox3": "false",
          "iTblCellBooleanColorFalse3": "#ff0000",
          "iTblCellBooleanColorTrue3": "#00ff00",
          "iTblCellNumberDecimals3": "2",
          "iTblCellNumberDecimalSeperator3": ".",
          "iTblCellNumberThousandSeperator3": ",",
          "iTblCellBooleanCheckbox4": "false",
          "iTblCellBooleanColorFalse4": "#ff0000",
          "iTblCellBooleanColorTrue4": "#00ff00",
          "iTblCellNumberDecimals4": "2",
          "iTblCellNumberDecimalSeperator4": ".",
          "iTblCellNumberThousandSeperator4": ",",
          "iTblCellBooleanCheckbox5": "false",
          "iTblCellBooleanColorFalse5": "#ff0000",
          "iTblCellBooleanColorTrue5": "#00ff00",
          "iTblCellNumberDecimals5": "2",
          "iTblCellNumberDecimalSeperator5": ".",
          "iTblCellNumberThousandSeperator5": ",",
          "iTblCellThresholdsDp1": "",
          "iTblCellThresholdsText1": "",
          "iTblCellThresholdsDp2": "",
          "iTblCellThresholdsText2": "",
          "iTblCellThresholdsDp3": "",
          "iTblCellThresholdsText3": "",
          "iTblCellThresholdsDp4": "",
          "iTblCellThresholdsText4": "",
          "iTblCellThresholdsDp5": "",
          "iTblCellThresholdsText5": "",
          "iColWidth1": "",
          "iColShow6": "true",
          "iTblTextAlign6": "left",
          "iTblCellFormat6": "normal",
          "iTblCellImageSize6": "200",
          "iTblCellBooleanCheckbox6": "false",
          "iTblCellBooleanColorFalse6": "#ff0000",
          "iTblCellBooleanColorTrue6": "#00ff00",
          "iTblCellNumberDecimals6": "2",
          "iTblCellNumberDecimalSeperator6": ".",
          "iTblCellNumberThousandSeperator6": ",",
          "iTblCellThresholdsDp6": "",
          "iTblCellThresholdsText6": "",
          "iColShow7": "true",
          "iTblTextAlign7": "left",
          "iTblCellFormat7": "normal",
          "iTblCellImageSize7": "200",
          "iTblCellBooleanCheckbox7": "false",
          "iTblCellBooleanColorFalse7": "#ff0000",
          "iTblCellBooleanColorTrue7": "#00ff00",
          "iTblCellNumberDecimals7": "2",
          "iTblCellNumberDecimalSeperator7": ".",
          "iTblCellNumberThousandSeperator7": ",",
          "iTblCellThresholdsDp7": "",
          "iTblCellThresholdsText7": "",
          "iColShow8": "true",
          "iTblTextAlign8": "left",
          "iTblCellFormat8": "normal",
          "iTblCellImageSize8": "200",
          "iTblCellBooleanCheckbox8": "false",
          "iTblCellBooleanColorFalse8": "#ff0000",
          "iTblCellBooleanColorTrue8": "#00ff00",
          "iTblCellNumberDecimals8": "2",
          "iTblCellNumberDecimalSeperator8": ".",
          "iTblCellNumberThousandSeperator8": ",",
          "iTblCellThresholdsDp8": "",
          "iTblCellThresholdsText8": "",
          "iColShow9": "true",
          "iTblTextAlign9": "left",
          "iTblCellFormat9": "normal",
          "iTblCellImageSize9": "200",
          "iTblCellBooleanCheckbox9": "false",
          "iTblCellBooleanColorFalse9": "#ff0000",
          "iTblCellBooleanColorTrue9": "#00ff00",
          "iTblCellNumberDecimals9": "2",
          "iTblCellNumberDecimalSeperator9": ".",
          "iTblCellNumberThousandSeperator9": ",",
          "iTblCellThresholdsDp9": "",
          "iTblCellThresholdsText9": "",
          "iColShow10": "true",
          "iTblTextAlign10": "left",
          "iTblCellFormat10": "normal",
          "iTblCellImageSize10": "200",
          "iTblCellBooleanCheckbox10": "false",
          "iTblCellBooleanColorFalse10": "#ff0000",
          "iTblCellBooleanColorTrue10": "#00ff00",
          "iTblCellNumberDecimals10": "2",
          "iTblCellNumberDecimalSeperator10": ".",
          "iTblCellNumberThousandSeperator10": ",",
          "iTblCellThresholdsDp10": "",
          "iTblCellThresholdsText10": "",
          "iColShow11": "true",
          "iTblTextAlign11": "left",
          "iTblCellFormat11": "normal",
          "iTblCellImageSize11": "200",
          "iTblCellBooleanCheckbox11": "false",
          "iTblCellBooleanColorFalse11": "#ff0000",
          "iTblCellBooleanColorTrue11": "#00ff00",
          "iTblCellNumberDecimals11": "2",
          "iTblCellNumberDecimalSeperator11": ".",
          "iTblCellNumberThousandSeperator11": ",",
          "iTblCellThresholdsDp11": "",
          "iTblCellThresholdsText11": "",
          "iColShow12": "true",
          "iTblTextAlign12": "left",
          "iTblCellFormat12": "normal",
          "iTblCellImageSize12": "200",
          "iTblCellBooleanCheckbox12": "false",
          "iTblCellBooleanColorFalse12": "#ff0000",
          "iTblCellBooleanColorTrue12": "#00ff00",
          "iTblCellNumberDecimals12": "2",
          "iTblCellNumberDecimalSeperator12": ".",
          "iTblCellNumberThousandSeperator12": ",",
          "iTblCellThresholdsDp12": "",
          "iTblCellThresholdsText12": "",
          "iColShow13": "true",
          "iTblTextAlign13": "left",
          "iTblCellFormat13": "normal",
          "iTblCellImageSize13": "200",
          "iTblCellBooleanCheckbox13": "false",
          "iTblCellBooleanColorFalse13": "#ff0000",
          "iTblCellBooleanColorTrue13": "#00ff00",
          "iTblCellNumberDecimals13": "2",
          "iTblCellNumberDecimalSeperator13": ".",
          "iTblCellNumberThousandSeperator13": ",",
          "iTblCellThresholdsDp13": "",
          "iTblCellThresholdsText13": ""
        },
        "style": {
          "left": "29px",
          "top": "185px",
          "width": "935px",
          "height": "668px"
        },
        "widgetSet": "vis-inventwo"
      },
      "w00023": {
        "tpl": "tplValueString",
        "data": {
          "oid": "ems-esp.0.syslog.server.data",
          "g_fixed": false,
          "g_visibility": false,
          "g_css_font_text": false,
          "g_css_background": false,
          "g_css_shadow_padding": false,
          "g_css_border": false,
          "g_gestures": false,
          "g_signals": false,
          "g_last_change": false,
          "visibility-cond": "==",
          "visibility-val": 1,
          "visibility-groups-action": "hide",
          "lc-type": "last-change",
          "lc-is-interval": true,
          "lc-is-moment": false,
          "lc-format": "",
          "lc-position-vert": "top",
          "lc-position-horz": "right",
          "lc-offset-vert": 0,
          "lc-offset-horz": 0,
          "lc-font-size": "12px",
          "lc-font-family": "",
          "lc-font-style": "",
          "lc-bkg-color": "",
          "lc-color": "",
          "lc-border-width": "0",
          "lc-border-style": "",
          "lc-border-color": "",
          "lc-border-radius": 10,
          "lc-zindex": 0,
          "signals-cond-0": "==",
          "signals-val-0": true,
          "signals-icon-0": "/vis/signals/lowbattery.png",
          "signals-icon-size-0": 0,
          "signals-blink-0": false,
          "signals-horz-0": 0,
          "signals-vert-0": 0,
          "signals-hide-edit-0": false,
          "signals-cond-1": "==",
          "signals-val-1": true,
          "signals-icon-1": "/vis/signals/lowbattery.png",
          "signals-icon-size-1": 0,
          "signals-blink-1": false,
          "signals-horz-1": 0,
          "signals-vert-1": 0,
          "signals-hide-edit-1": false,
          "signals-cond-2": "==",
          "signals-val-2": true,
          "signals-icon-2": "/vis/signals/lowbattery.png",
          "signals-icon-size-2": 0,
          "signals-blink-2": false,
          "signals-horz-2": 0,
          "signals-vert-2": 0,
          "signals-hide-edit-2": false,
          "html_prepend": ""
        },
        "style": {
          "left": "28px",
          "top": "83px",
          "width": "924px",
          "height": "81px"
        },
        "widgetSet": "basic"
      },
      "w00027": {
        "tpl": "tplValueBoolCheckbox",
        "data": {
          "oid": "ems-esp.0.syslog.activated",
          "g_fixed": false,
          "g_visibility": false,
          "g_css_font_text": true,
          "g_css_background": false,
          "g_css_shadow_padding": false,
          "g_css_border": false,
          "g_gestures": false,
          "g_signals": false,
          "g_last_change": false,
          "visibility-cond": "==",
          "visibility-val": 1,
          "visibility-groups-action": "hide",
          "signals-cond-0": "==",
          "signals-val-0": true,
          "signals-icon-0": "/vis/signals/lowbattery.png",
          "signals-icon-size-0": 0,
          "signals-blink-0": false,
          "signals-horz-0": 0,
          "signals-vert-0": 0,
          "signals-hide-edit-0": false,
          "signals-cond-1": "==",
          "signals-val-1": true,
          "signals-icon-1": "/vis/signals/lowbattery.png",
          "signals-icon-size-1": 0,
          "signals-blink-1": false,
          "signals-horz-1": 0,
          "signals-vert-1": 0,
          "signals-hide-edit-1": false,
          "signals-cond-2": "==",
          "signals-val-2": true,
          "signals-icon-2": "/vis/signals/lowbattery.png",
          "signals-icon-size-2": 0,
          "signals-blink-2": false,
          "signals-horz-2": 0,
          "signals-vert-2": 0,
          "signals-hide-edit-2": false,
          "lc-type": "last-change",
          "lc-is-interval": true,
          "lc-is-moment": false,
          "lc-format": "",
          "lc-position-vert": "top",
          "lc-position-horz": "right",
          "lc-offset-vert": 0,
          "lc-offset-horz": 0,
          "lc-font-size": "12px",
          "lc-font-family": "",
          "lc-font-style": "",
          "lc-bkg-color": "",
          "lc-color": "",
          "lc-border-width": "0",
          "lc-border-style": "",
          "lc-border-color": "",
          "lc-border-radius": 10,
          "lc-zindex": 0,
          "html_prepend": "active"
        },
        "style": {
          "left": "29px",
          "top": "29px",
          "font-size": "large"
        },
        "widgetSet": "basic"
      },
      "w00020": {
        "tpl": "tplValueFloat",
        "data": {
          "oid": "ems-esp.0.syslog.server.port",
          "g_fixed": false,
          "g_visibility": false,
          "g_css_font_text": false,
          "g_css_background": false,
          "g_css_shadow_padding": false,
          "g_css_border": false,
          "g_gestures": false,
          "g_signals": false,
          "g_last_change": false,
          "visibility-cond": "==",
          "visibility-val": 1,
          "visibility-groups-action": "hide",
          "is_comma": "true",
          "factor": "1",
          "signals-cond-0": "==",
          "signals-val-0": true,
          "signals-icon-0": "/vis/signals/lowbattery.png",
          "signals-icon-size-0": 0,
          "signals-blink-0": false,
          "signals-horz-0": 0,
          "signals-vert-0": 0,
          "signals-hide-edit-0": false,
          "signals-cond-1": "==",
          "signals-val-1": true,
          "signals-icon-1": "/vis/signals/lowbattery.png",
          "signals-icon-size-1": 0,
          "signals-blink-1": false,
          "signals-horz-1": 0,
          "signals-vert-1": 0,
          "signals-hide-edit-1": false,
          "signals-cond-2": "==",
          "signals-val-2": true,
          "signals-icon-2": "/vis/signals/lowbattery.png",
          "signals-icon-size-2": 0,
          "signals-blink-2": false,
          "signals-horz-2": 0,
          "signals-vert-2": 0,
          "signals-hide-edit-2": false,
          "lc-type": "last-change",
          "lc-is-interval": true,
          "lc-is-moment": false,
          "lc-format": "",
          "lc-position-vert": "top",
          "lc-position-horz": "right",
          "lc-offset-vert": 0,
          "lc-offset-horz": 0,
          "lc-font-size": "12px",
          "lc-font-family": "",
          "lc-font-style": "",
          "lc-bkg-color": "",
          "lc-color": "",
          "lc-border-width": "0",
          "lc-border-style": "",
          "lc-border-color": "",
          "lc-border-radius": 10,
          "lc-zindex": 0,
          "html_prepend": "Port: "
        },
        "style": {
          "left": "145px",
          "top": "29px",
          "width": "155px",
          "height": "22px"
        },
        "widgetSet": "basic"
      }
    },
    "name": "syslog",
    "activeWidgets": [
      "w00017"
    ],
    "filterList": []
  },
  "telegrams": {
    "settings": {
      "style": {
        "background_class": "hq-background-h-gradient-black-4",
        "background": ""
      },
      "theme": "redmond",
      "sizex": "",
      "sizey": "",
      "gridSize": "",
      "snapType": null,
      "class": "",
      "useBackground": true
    },
    "widgets": {
      "w00001": {
        "tpl": "i-vis-jsontable",
        "data": {
          "g_fixed": false,
          "g_visibility": false,
          "g_css_font_text": false,
          "g_css_background": false,
          "g_css_shadow_padding": false,
          "g_css_border": false,
          "g_gestures": false,
          "g_signals": false,
          "g_last_change": false,
          "visibility-cond": "==",
          "visibility-val": 1,
          "visibility-groups-action": "hide",
          "iTblRowLimit": "250",
          "iTableRefreshRate": "0",
          "iColCount": "5",
          "iColShow1": "true",
          "iTblCellFormat1": "normal",
          "iTblCellImageSize1": "200",
          "iTblTextAlign1": "left",
          "iOpacityAll": "1",
          "iTblRowEvenColor": "#333333",
          "iTblRowUnevenColor": "#455618",
          "iTblHeaderColor": "#333333",
          "iRowSpacing": "7.7",
          "iTblRowEvenTextColor": "#ffffff",
          "iTblRowUnevenTextColor": "#ffffff",
          "iTblHeaderTextColor": "#ffffff",
          "iBorderSize": "0",
          "iBorderStyleLeft": "none",
          "iBorderStyleRight": "none",
          "iBorderStyleUp": "none",
          "iBorderStyleDown": "none",
          "iBorderColor": "#ffffff",
          "signals-cond-0": "==",
          "signals-val-0": true,
          "signals-icon-0": "/vis.0/main/lowbattery.png",
          "signals-icon-size-0": 0,
          "signals-blink-0": false,
          "signals-horz-0": 0,
          "signals-vert-0": 0,
          "signals-hide-edit-0": false,
          "signals-cond-1": "==",
          "signals-val-1": true,
          "signals-icon-1": "/vis.0/main/lowbattery.png",
          "signals-icon-size-1": 0,
          "signals-blink-1": false,
          "signals-horz-1": 0,
          "signals-vert-1": 0,
          "signals-hide-edit-1": false,
          "signals-cond-2": "==",
          "signals-val-2": true,
          "signals-icon-2": "/vis.0/main/lowbattery.png",
          "signals-icon-size-2": 0,
          "signals-blink-2": false,
          "signals-horz-2": 0,
          "signals-vert-2": 0,
          "signals-hide-edit-2": false,
          "lc-type": "last-change",
          "lc-is-interval": true,
          "lc-is-moment": false,
          "lc-format": "",
          "lc-position-vert": "top",
          "lc-position-horz": "right",
          "lc-offset-vert": 0,
          "lc-offset-horz": 0,
          "lc-font-size": "12px",
          "lc-font-family": "",
          "lc-font-style": "",
          "lc-bkg-color": "",
          "lc-color": "",
          "lc-border-width": "0",
          "lc-border-style": "",
          "lc-border-color": "",
          "lc-border-radius": 10,
          "lc-zindex": 0,
          "oid": "ems-esp.0.syslog.telegrams",
          "iColShow2": "true",
          "iTblCellFormat2": "normal",
          "iTblCellImageSize2": "200",
          "iTblTextAlign2": "left",
          "iColShow3": "true",
          "iTblCellFormat3": "normal",
          "iTblCellImageSize3": "200",
          "iTblTextAlign3": "center",
          "iColShow4": "true",
          "iTblCellFormat4": "normal",
          "iTblCellImageSize4": "200",
          "iTblTextAlign4": "center",
          "iColShow5": "true",
          "iTblCellFormat5": "normal",
          "iTblCellImageSize5": "200",
          "iTblTextAlign5": "center",
          "iTblShowHead": false,
          "iColName2": "Verbrauch",
          "iVertScroll": true,
          "iTblCellBooleanCheckbox1": "false",
          "iTblCellBooleanColorFalse1": "#ff0000",
          "iTblCellBooleanColorTrue1": "#00ff00",
          "iTblCellNumberDecimals1": "2",
          "iTblCellNumberDecimalSeperator1": ".",
          "iTblCellNumberThousandSeperator1": ",",
          "iTblCellBooleanCheckbox2": "false",
          "iTblCellBooleanColorFalse2": "#ff0000",
          "iTblCellBooleanColorTrue2": "#00ff00",
          "iTblCellNumberDecimals2": "2",
          "iTblCellNumberDecimalSeperator2": ".",
          "iTblCellNumberThousandSeperator2": ",",
          "iTblCellBooleanCheckbox3": "false",
          "iTblCellBooleanColorFalse3": "#ff0000",
          "iTblCellBooleanColorTrue3": "#00ff00",
          "iTblCellNumberDecimals3": "2",
          "iTblCellNumberDecimalSeperator3": ".",
          "iTblCellNumberThousandSeperator3": ",",
          "iTblCellBooleanCheckbox4": "false",
          "iTblCellBooleanColorFalse4": "#ff0000",
          "iTblCellBooleanColorTrue4": "#00ff00",
          "iTblCellNumberDecimals4": "2",
          "iTblCellNumberDecimalSeperator4": ".",
          "iTblCellNumberThousandSeperator4": ",",
          "iTblCellBooleanCheckbox5": "false",
          "iTblCellBooleanColorFalse5": "#ff0000",
          "iTblCellBooleanColorTrue5": "#00ff00",
          "iTblCellNumberDecimals5": "2",
          "iTblCellNumberDecimalSeperator5": ".",
          "iTblCellNumberThousandSeperator5": ",",
          "iTblCellThresholdsDp1": "",
          "iTblCellThresholdsText1": "",
          "iTblCellThresholdsDp2": "",
          "iTblCellThresholdsText2": "",
          "iTblCellThresholdsDp3": "",
          "iTblCellThresholdsText3": "",
          "iTblCellThresholdsDp4": "",
          "iTblCellThresholdsText4": "",
          "iTblCellThresholdsDp5": "",
          "iTblCellThresholdsText5": "",
          "iColWidth1": "",
          "iTblSortOrder": "asc",
          "iTblHeadTextAlign1": "center",
          "iTblHeadTextAlign2": "center",
          "iTblHeadTextAlign3": "center",
          "iTblHeadTextAlign4": "center",
          "iTblHeadTextAlign5": "center"
        },
        "style": {
          "left": "29px",
          "top": "185px",
          "width": "935px",
          "height": "668px"
        },
        "widgetSet": "vis-inventwo"
      },
      "w00003": {
        "tpl": "tplHtml",
        "data": {
          "g_fixed": false,
          "g_visibility": false,
          "g_css_font_text": true,
          "g_css_background": true,
          "g_css_shadow_padding": false,
          "g_css_border": false,
          "g_gestures": false,
          "g_signals": false,
          "g_last_change": false,
          "visibility-cond": "==",
          "visibility-val": 1,
          "visibility-groups-action": "hide",
          "refreshInterval": "0",
          "signals-cond-0": "==",
          "signals-val-0": true,
          "signals-icon-0": "/vis/signals/lowbattery.png",
          "signals-icon-size-0": 0,
          "signals-blink-0": false,
          "signals-horz-0": 0,
          "signals-vert-0": 0,
          "signals-hide-edit-0": false,
          "signals-cond-1": "==",
          "signals-val-1": true,
          "signals-icon-1": "/vis/signals/lowbattery.png",
          "signals-icon-size-1": 0,
          "signals-blink-1": false,
          "signals-horz-1": 0,
          "signals-vert-1": 0,
          "signals-hide-edit-1": false,
          "signals-cond-2": "==",
          "signals-val-2": true,
          "signals-icon-2": "/vis/signals/lowbattery.png",
          "signals-icon-size-2": 0,
          "signals-blink-2": false,
          "signals-horz-2": 0,
          "signals-vert-2": 0,
          "signals-hide-edit-2": false,
          "lc-type": "last-change",
          "lc-is-interval": true,
          "lc-is-moment": false,
          "lc-format": "",
          "lc-position-vert": "top",
          "lc-position-horz": "right",
          "lc-offset-vert": 0,
          "lc-offset-horz": 0,
          "lc-font-size": "12px",
          "lc-font-family": "",
          "lc-font-style": "",
          "lc-bkg-color": "",
          "lc-color": "",
          "lc-border-width": "0",
          "lc-border-style": "",
          "lc-border-color": "",
          "lc-border-radius": 10,
          "lc-zindex": 0,
          "html": "src filter",
          "class": "mdui-select"
        },
        "style": {
          "left": "154px",
          "top": "28px",
          "width": "79px",
          "height": "46px",
          "color": "#ffffff"
        },
        "widgetSet": "basic"
      },
      "w00005": {
        "tpl": "tplJquiSelectList",
        "data": {
          "oid": "ems-esp.0.syslog.filter.dest",
          "g_fixed": true,
          "g_visibility": false,
          "g_css_font_text": true,
          "g_css_background": true,
          "g_css_shadow_padding": false,
          "g_css_border": false,
          "g_gestures": false,
          "g_signals": false,
          "visibility-cond": "==",
          "visibility-val": 1,
          "visibility-groups-action": "hide",
          "values": ";00;0B;08;09;10;21;48;88;90",
          "texts": "ohne;00: Broadcast ; 0B: Service Jack ; 08: Boiler; 09: Controller;10: RC310;21: MM100;48: KM200;88: Boiler Poll;90 TC310 Poll",
          "height": "141",
          "signals-cond-0": "==",
          "signals-val-0": true,
          "signals-icon-0": "/vis.0/main/lowbattery.png",
          "signals-icon-size-0": 0,
          "signals-blink-0": false,
          "signals-horz-0": 0,
          "signals-vert-0": 0,
          "signals-hide-edit-0": false,
          "signals-cond-1": "==",
          "signals-val-1": true,
          "signals-icon-1": "/vis.0/main/lowbattery.png",
          "signals-icon-size-1": 0,
          "signals-blink-1": false,
          "signals-horz-1": 0,
          "signals-vert-1": 0,
          "signals-hide-edit-1": false,
          "signals-cond-2": "==",
          "signals-val-2": true,
          "signals-icon-2": "/vis.0/main/lowbattery.png",
          "signals-icon-size-2": 0,
          "signals-blink-2": false,
          "signals-horz-2": 0,
          "signals-vert-2": 0,
          "signals-hide-edit-2": false,
          "open": false,
          "no_style": true,
          "class": "mdui-select",
          "g_last_change": false,
          "lc-type": "last-change",
          "lc-is-interval": true,
          "lc-is-moment": false,
          "lc-format": "",
          "lc-position-vert": "top",
          "lc-position-horz": "right",
          "lc-offset-vert": 0,
          "lc-offset-horz": 0,
          "lc-font-size": "12px",
          "lc-font-family": "",
          "lc-font-style": "",
          "lc-bkg-color": "",
          "lc-color": "",
          "lc-border-width": "0",
          "lc-border-style": "",
          "lc-border-color": "",
          "lc-border-radius": 10,
          "lc-zindex": 0,
          "name": "Aktiv",
          "filterkey": "RX"
        },
        "style": {
          "left": "479px",
          "top": "5px",
          "width": "121px",
          "height": "62px",
          "color": "#0f0000"
        },
        "widgetSet": "jqui"
      },
      "w00006": {
        "tpl": "tplHtml",
        "data": {
          "g_fixed": false,
          "g_visibility": false,
          "g_css_font_text": true,
          "g_css_background": true,
          "g_css_shadow_padding": false,
          "g_css_border": false,
          "g_gestures": false,
          "g_signals": false,
          "g_last_change": false,
          "visibility-cond": "==",
          "visibility-val": 1,
          "visibility-groups-action": "hide",
          "refreshInterval": "0",
          "signals-cond-0": "==",
          "signals-val-0": true,
          "signals-icon-0": "/vis/signals/lowbattery.png",
          "signals-icon-size-0": 0,
          "signals-blink-0": false,
          "signals-horz-0": 0,
          "signals-vert-0": 0,
          "signals-hide-edit-0": false,
          "signals-cond-1": "==",
          "signals-val-1": true,
          "signals-icon-1": "/vis/signals/lowbattery.png",
          "signals-icon-size-1": 0,
          "signals-blink-1": false,
          "signals-horz-1": 0,
          "signals-vert-1": 0,
          "signals-hide-edit-1": false,
          "signals-cond-2": "==",
          "signals-val-2": true,
          "signals-icon-2": "/vis/signals/lowbattery.png",
          "signals-icon-size-2": 0,
          "signals-blink-2": false,
          "signals-horz-2": 0,
          "signals-vert-2": 0,
          "signals-hide-edit-2": false,
          "lc-type": "last-change",
          "lc-is-interval": true,
          "lc-is-moment": false,
          "lc-format": "",
          "lc-position-vert": "top",
          "lc-position-horz": "right",
          "lc-offset-vert": 0,
          "lc-offset-horz": 0,
          "lc-font-size": "12px",
          "lc-font-family": "",
          "lc-font-style": "",
          "lc-bkg-color": "",
          "lc-color": "",
          "lc-border-width": "0",
          "lc-border-style": "",
          "lc-border-color": "",
          "lc-border-radius": 10,
          "lc-zindex": 0,
          "html": "dest filter",
          "class": "mdui-select"
        },
        "style": {
          "left": "379px",
          "top": "28px",
          "width": "92px",
          "height": "46px",
          "color": "#ffffff"
        },
        "widgetSet": "basic"
      },
      "w00008": {
        "tpl": "tplHtml",
        "data": {
          "g_fixed": false,
          "g_visibility": false,
          "g_css_font_text": true,
          "g_css_background": true,
          "g_css_shadow_padding": false,
          "g_css_border": false,
          "g_gestures": false,
          "g_signals": false,
          "g_last_change": false,
          "visibility-cond": "==",
          "visibility-val": 1,
          "visibility-groups-action": "hide",
          "refreshInterval": "0",
          "signals-cond-0": "==",
          "signals-val-0": true,
          "signals-icon-0": "/vis/signals/lowbattery.png",
          "signals-icon-size-0": 0,
          "signals-blink-0": false,
          "signals-horz-0": 0,
          "signals-vert-0": 0,
          "signals-hide-edit-0": false,
          "signals-cond-1": "==",
          "signals-val-1": true,
          "signals-icon-1": "/vis/signals/lowbattery.png",
          "signals-icon-size-1": 0,
          "signals-blink-1": false,
          "signals-horz-1": 0,
          "signals-vert-1": 0,
          "signals-hide-edit-1": false,
          "signals-cond-2": "==",
          "signals-val-2": true,
          "signals-icon-2": "/vis/signals/lowbattery.png",
          "signals-icon-size-2": 0,
          "signals-blink-2": false,
          "signals-horz-2": 0,
          "signals-vert-2": 0,
          "signals-hide-edit-2": false,
          "lc-type": "last-change",
          "lc-is-interval": true,
          "lc-is-moment": false,
          "lc-format": "",
          "lc-position-vert": "top",
          "lc-position-horz": "right",
          "lc-offset-vert": 0,
          "lc-offset-horz": 0,
          "lc-font-size": "12px",
          "lc-font-family": "",
          "lc-font-style": "",
          "lc-bkg-color": "",
          "lc-color": "",
          "lc-border-width": "0",
          "lc-border-style": "",
          "lc-border-color": "",
          "lc-border-radius": 10,
          "lc-zindex": 0,
          "html": "type filter",
          "class": "mdui-select"
        },
        "style": {
          "left": "729px",
          "top": "28px",
          "width": "92px",
          "height": "46px",
          "color": "#ffffff"
        },
        "widgetSet": "basic"
      },
      "w00007": {
        "tpl": "tplJquiInput",
        "data": {
          "oid": "ems-esp.0.syslog.filter.type",
          "g_fixed": true,
          "g_visibility": false,
          "g_css_font_text": true,
          "g_css_background": false,
          "g_css_shadow_padding": true,
          "g_css_border": false,
          "g_gestures": false,
          "g_signals": false,
          "g_last_change": false,
          "visibility-cond": "==",
          "visibility-val": 1,
          "visibility-groups-action": "hide",
          "label": "",
          "digits": "0",
          "size": "10",
          "signals-cond-0": "==",
          "signals-val-0": true,
          "signals-icon-0": "/vis/signals/lowbattery.png",
          "signals-icon-size-0": 0,
          "signals-blink-0": false,
          "signals-horz-0": 0,
          "signals-vert-0": 0,
          "signals-hide-edit-0": false,
          "signals-cond-1": "==",
          "signals-val-1": true,
          "signals-icon-1": "/vis/signals/lowbattery.png",
          "signals-icon-size-1": 0,
          "signals-blink-1": false,
          "signals-horz-1": 0,
          "signals-vert-1": 0,
          "signals-hide-edit-1": false,
          "signals-cond-2": "==",
          "signals-val-2": true,
          "signals-icon-2": "/vis/signals/lowbattery.png",
          "signals-icon-size-2": 0,
          "signals-blink-2": false,
          "signals-horz-2": 0,
          "signals-vert-2": 0,
          "signals-hide-edit-2": false,
          "lc-type": "last-change",
          "lc-is-interval": true,
          "lc-is-moment": false,
          "lc-format": "",
          "lc-position-vert": "top",
          "lc-position-horz": "right",
          "lc-offset-vert": 0,
          "lc-offset-horz": 0,
          "lc-font-size": "12px",
          "lc-font-family": "",
          "lc-font-style": "",
          "lc-bkg-color": "",
          "lc-color": "",
          "lc-border-width": "0",
          "lc-border-style": "",
          "lc-border-color": "",
          "lc-border-radius": 10,
          "lc-zindex": 0,
          "asString": true,
          "class": "mdui-input"
        },
        "style": {
          "left": "829px",
          "top": "17px",
          "width": "123px",
          "height": "44px",
          "color": "#140000"
        },
        "widgetSet": "jqui"
      },
      "w00010": {
        "tpl": "tplValueString",
        "data": {
          "oid": "ems-esp.0.syslog.telegram.telegram_raw",
          "g_fixed": false,
          "g_visibility": false,
          "g_css_font_text": false,
          "g_css_background": false,
          "g_css_shadow_padding": false,
          "g_css_border": false,
          "g_gestures": false,
          "g_signals": false,
          "g_last_change": false,
          "visibility-cond": "==",
          "visibility-val": 1,
          "visibility-groups-action": "hide",
          "lc-type": "last-change",
          "lc-is-interval": true,
          "lc-is-moment": false,
          "lc-format": "",
          "lc-position-vert": "top",
          "lc-position-horz": "right",
          "lc-offset-vert": 0,
          "lc-offset-horz": 0,
          "lc-font-size": "12px",
          "lc-font-family": "",
          "lc-font-style": "",
          "lc-bkg-color": "",
          "lc-color": "",
          "lc-border-width": "0",
          "lc-border-style": "",
          "lc-border-color": "",
          "lc-border-radius": 10,
          "lc-zindex": 0,
          "signals-cond-0": "==",
          "signals-val-0": true,
          "signals-icon-0": "/vis/signals/lowbattery.png",
          "signals-icon-size-0": 0,
          "signals-blink-0": false,
          "signals-horz-0": 0,
          "signals-vert-0": 0,
          "signals-hide-edit-0": false,
          "signals-cond-1": "==",
          "signals-val-1": true,
          "signals-icon-1": "/vis/signals/lowbattery.png",
          "signals-icon-size-1": 0,
          "signals-blink-1": false,
          "signals-horz-1": 0,
          "signals-vert-1": 0,
          "signals-hide-edit-1": false,
          "signals-cond-2": "==",
          "signals-val-2": true,
          "signals-icon-2": "/vis/signals/lowbattery.png",
          "signals-icon-size-2": 0,
          "signals-blink-2": false,
          "signals-horz-2": 0,
          "signals-vert-2": 0,
          "signals-hide-edit-2": false,
          "html_prepend": "telegram: "
        },
        "style": {
          "left": "29px",
          "top": "84px",
          "width": "924px",
          "height": "44px"
        },
        "widgetSet": "basic"
      },
      "w00013": {
        "tpl": "tplValueStringRaw",
        "data": {
          "oid": "ems-esp.0.syslog.telegram.data",
          "g_fixed": false,
          "g_visibility": false,
          "g_css_font_text": false,
          "g_css_background": false,
          "g_css_shadow_padding": false,
          "g_css_border": false,
          "g_gestures": false,
          "g_signals": false,
          "g_last_change": false,
          "visibility-cond": "==",
          "visibility-val": 1,
          "visibility-groups-action": "hide",
          "signals-cond-0": "==",
          "signals-val-0": true,
          "signals-icon-0": "/vis/signals/lowbattery.png",
          "signals-icon-size-0": 0,
          "signals-blink-0": false,
          "signals-horz-0": 0,
          "signals-vert-0": 0,
          "signals-hide-edit-0": false,
          "signals-cond-1": "==",
          "signals-val-1": true,
          "signals-icon-1": "/vis/signals/lowbattery.png",
          "signals-icon-size-1": 0,
          "signals-blink-1": false,
          "signals-horz-1": 0,
          "signals-vert-1": 0,
          "signals-hide-edit-1": false,
          "signals-cond-2": "==",
          "signals-val-2": true,
          "signals-icon-2": "/vis/signals/lowbattery.png",
          "signals-icon-size-2": 0,
          "signals-blink-2": false,
          "signals-horz-2": 0,
          "signals-vert-2": 0,
          "signals-hide-edit-2": false,
          "lc-type": "last-change",
          "lc-is-interval": true,
          "lc-is-moment": false,
          "lc-format": "",
          "lc-position-vert": "top",
          "lc-position-horz": "right",
          "lc-offset-vert": 0,
          "lc-offset-horz": 0,
          "lc-font-size": "12px",
          "lc-font-family": "",
          "lc-font-style": "",
          "lc-bkg-color": "",
          "lc-color": "",
          "lc-border-width": "0",
          "lc-border-style": "",
          "lc-border-color": "",
          "lc-border-radius": 10,
          "lc-zindex": 0,
          "html_prepend": "data: "
        },
        "style": {
          "left": "30px",
          "top": "147px",
          "width": "761px",
          "height": "33px"
        },
        "widgetSet": "basic"
      },
      "w00002": {
        "tpl": "tplJquiSelectList",
        "data": {
          "oid": "ems-esp.0.syslog.filter.src",
          "g_fixed": true,
          "g_visibility": false,
          "g_css_font_text": true,
          "g_css_background": true,
          "g_css_shadow_padding": false,
          "g_css_border": false,
          "g_gestures": false,
          "g_signals": false,
          "visibility-cond": "==",
          "visibility-val": 1,
          "visibility-groups-action": "hide",
          "values": ";00;0B;08;09;10;21;48",
          "texts": "ohne;00: Broadcast ; 0B: Service Jack ; 08: Boiler; 09: Controller;10: RC310;21: MM100;48: KM200",
          "height": "141",
          "signals-cond-0": "==",
          "signals-val-0": true,
          "signals-icon-0": "/vis.0/main/lowbattery.png",
          "signals-icon-size-0": 0,
          "signals-blink-0": false,
          "signals-horz-0": 0,
          "signals-vert-0": 0,
          "signals-hide-edit-0": false,
          "signals-cond-1": "==",
          "signals-val-1": true,
          "signals-icon-1": "/vis.0/main/lowbattery.png",
          "signals-icon-size-1": 0,
          "signals-blink-1": false,
          "signals-horz-1": 0,
          "signals-vert-1": 0,
          "signals-hide-edit-1": false,
          "signals-cond-2": "==",
          "signals-val-2": true,
          "signals-icon-2": "/vis.0/main/lowbattery.png",
          "signals-icon-size-2": 0,
          "signals-blink-2": false,
          "signals-horz-2": 0,
          "signals-vert-2": 0,
          "signals-hide-edit-2": false,
          "open": false,
          "no_style": true,
          "class": "mdui-select",
          "g_last_change": false,
          "lc-type": "last-change",
          "lc-is-interval": true,
          "lc-is-moment": false,
          "lc-format": "",
          "lc-position-vert": "top",
          "lc-position-horz": "right",
          "lc-offset-vert": 0,
          "lc-offset-horz": 0,
          "lc-font-size": "12px",
          "lc-font-family": "",
          "lc-font-style": "",
          "lc-bkg-color": "",
          "lc-color": "",
          "lc-border-width": "0",
          "lc-border-style": "",
          "lc-border-color": "",
          "lc-border-radius": 10,
          "lc-zindex": 0,
          "name": "Aktiv",
          "filterkey": "RX"
        },
        "style": {
          "left": "239px",
          "top": "6px",
          "width": "125px",
          "height": "62px",
          "color": "#0f0000"
        },
        "widgetSet": "jqui"
      },
      "w00012": {
        "tpl": "tplValueStringRaw",
        "data": {
          "oid": "ems-esp.0.syslog.telegram.offset",
          "g_fixed": false,
          "g_visibility": false,
          "g_css_font_text": false,
          "g_css_background": false,
          "g_css_shadow_padding": false,
          "g_css_border": false,
          "g_gestures": false,
          "g_signals": false,
          "g_last_change": false,
          "visibility-cond": "==",
          "visibility-val": 1,
          "visibility-groups-action": "hide",
          "signals-cond-0": "==",
          "signals-val-0": true,
          "signals-icon-0": "/vis/signals/lowbattery.png",
          "signals-icon-size-0": 0,
          "signals-blink-0": false,
          "signals-horz-0": 0,
          "signals-vert-0": 0,
          "signals-hide-edit-0": false,
          "signals-cond-1": "==",
          "signals-val-1": true,
          "signals-icon-1": "/vis/signals/lowbattery.png",
          "signals-icon-size-1": 0,
          "signals-blink-1": false,
          "signals-horz-1": 0,
          "signals-vert-1": 0,
          "signals-hide-edit-1": false,
          "signals-cond-2": "==",
          "signals-val-2": true,
          "signals-icon-2": "/vis/signals/lowbattery.png",
          "signals-icon-size-2": 0,
          "signals-blink-2": false,
          "signals-horz-2": 0,
          "signals-vert-2": 0,
          "signals-hide-edit-2": false,
          "lc-type": "last-change",
          "lc-is-interval": true,
          "lc-is-moment": false,
          "lc-format": "",
          "lc-position-vert": "top",
          "lc-position-horz": "right",
          "lc-offset-vert": 0,
          "lc-offset-horz": 0,
          "lc-font-size": "12px",
          "lc-font-family": "",
          "lc-font-style": "",
          "lc-bkg-color": "",
          "lc-color": "",
          "lc-border-width": "0",
          "lc-border-style": "",
          "lc-border-color": "",
          "lc-border-radius": 10,
          "lc-zindex": 0,
          "html_prepend": "offset: "
        },
        "style": {
          "left": "393px",
          "top": "118px",
          "width": "152px",
          "height": "27px"
        },
        "widgetSet": "basic"
      },
      "w00011": {
        "tpl": "tplValueBoolCheckbox",
        "data": {
          "oid": "ems-esp.0.syslog.activated",
          "g_fixed": false,
          "g_visibility": false,
          "g_css_font_text": true,
          "g_css_background": false,
          "g_css_shadow_padding": false,
          "g_css_border": false,
          "g_gestures": false,
          "g_signals": false,
          "g_last_change": false,
          "visibility-cond": "==",
          "visibility-val": 1,
          "visibility-groups-action": "hide",
          "signals-cond-0": "==",
          "signals-val-0": true,
          "signals-icon-0": "/vis/signals/lowbattery.png",
          "signals-icon-size-0": 0,
          "signals-blink-0": false,
          "signals-horz-0": 0,
          "signals-vert-0": 0,
          "signals-hide-edit-0": false,
          "signals-cond-1": "==",
          "signals-val-1": true,
          "signals-icon-1": "/vis/signals/lowbattery.png",
          "signals-icon-size-1": 0,
          "signals-blink-1": false,
          "signals-horz-1": 0,
          "signals-vert-1": 0,
          "signals-hide-edit-1": false,
          "signals-cond-2": "==",
          "signals-val-2": true,
          "signals-icon-2": "/vis/signals/lowbattery.png",
          "signals-icon-size-2": 0,
          "signals-blink-2": false,
          "signals-horz-2": 0,
          "signals-vert-2": 0,
          "signals-hide-edit-2": false,
          "lc-type": "last-change",
          "lc-is-interval": true,
          "lc-is-moment": false,
          "lc-format": "",
          "lc-position-vert": "top",
          "lc-position-horz": "right",
          "lc-offset-vert": 0,
          "lc-offset-horz": 0,
          "lc-font-size": "12px",
          "lc-font-family": "",
          "lc-font-style": "",
          "lc-bkg-color": "",
          "lc-color": "",
          "lc-border-width": "0",
          "lc-border-style": "",
          "lc-border-color": "",
          "lc-border-radius": 10,
          "lc-zindex": 0,
          "html_prepend": "active"
        },
        "style": {
          "left": "29px",
          "top": "12px",
          "font-size": "large",
          "width": "91px",
          "height": "38px"
        },
        "widgetSet": "basic"
      },
      "w00004": {
        "tpl": "tplValueStringRaw",
        "data": {
          "oid": "ems-esp.0.syslog.telegram.src",
          "g_fixed": false,
          "g_visibility": false,
          "g_css_font_text": false,
          "g_css_background": false,
          "g_css_shadow_padding": false,
          "g_css_border": false,
          "g_gestures": false,
          "g_signals": false,
          "g_last_change": false,
          "visibility-cond": "==",
          "visibility-val": 1,
          "visibility-groups-action": "hide",
          "signals-cond-0": "==",
          "signals-val-0": true,
          "signals-icon-0": "/vis/signals/lowbattery.png",
          "signals-icon-size-0": 0,
          "signals-blink-0": false,
          "signals-horz-0": 0,
          "signals-vert-0": 0,
          "signals-hide-edit-0": false,
          "signals-cond-1": "==",
          "signals-val-1": true,
          "signals-icon-1": "/vis/signals/lowbattery.png",
          "signals-icon-size-1": 0,
          "signals-blink-1": false,
          "signals-horz-1": 0,
          "signals-vert-1": 0,
          "signals-hide-edit-1": false,
          "signals-cond-2": "==",
          "signals-val-2": true,
          "signals-icon-2": "/vis/signals/lowbattery.png",
          "signals-icon-size-2": 0,
          "signals-blink-2": false,
          "signals-horz-2": 0,
          "signals-vert-2": 0,
          "signals-hide-edit-2": false,
          "lc-type": "last-change",
          "lc-is-interval": true,
          "lc-is-moment": false,
          "lc-format": "",
          "lc-position-vert": "top",
          "lc-position-horz": "right",
          "lc-offset-vert": 0,
          "lc-offset-horz": 0,
          "lc-font-size": "12px",
          "lc-font-family": "",
          "lc-font-style": "",
          "lc-bkg-color": "",
          "lc-color": "",
          "lc-border-width": "0",
          "lc-border-style": "",
          "lc-border-color": "",
          "lc-border-radius": 10,
          "lc-zindex": 0,
          "html_prepend": "src:   "
        },
        "style": {
          "left": "32px",
          "top": "120px",
          "width": "70px",
          "height": "27px"
        },
        "widgetSet": "basic"
      },
      "w00009": {
        "tpl": "tplValueStringRaw",
        "data": {
          "oid": "ems-esp.0.syslog.telegram.dest",
          "g_fixed": false,
          "g_visibility": false,
          "g_css_font_text": false,
          "g_css_background": false,
          "g_css_shadow_padding": false,
          "g_css_border": false,
          "g_gestures": false,
          "g_signals": false,
          "g_last_change": false,
          "visibility-cond": "==",
          "visibility-val": 1,
          "visibility-groups-action": "hide",
          "signals-cond-0": "==",
          "signals-val-0": true,
          "signals-icon-0": "/vis/signals/lowbattery.png",
          "signals-icon-size-0": 0,
          "signals-blink-0": false,
          "signals-horz-0": 0,
          "signals-vert-0": 0,
          "signals-hide-edit-0": false,
          "signals-cond-1": "==",
          "signals-val-1": true,
          "signals-icon-1": "/vis/signals/lowbattery.png",
          "signals-icon-size-1": 0,
          "signals-blink-1": false,
          "signals-horz-1": 0,
          "signals-vert-1": 0,
          "signals-hide-edit-1": false,
          "signals-cond-2": "==",
          "signals-val-2": true,
          "signals-icon-2": "/vis/signals/lowbattery.png",
          "signals-icon-size-2": 0,
          "signals-blink-2": false,
          "signals-horz-2": 0,
          "signals-vert-2": 0,
          "signals-hide-edit-2": false,
          "lc-type": "last-change",
          "lc-is-interval": true,
          "lc-is-moment": false,
          "lc-format": "",
          "lc-position-vert": "top",
          "lc-position-horz": "right",
          "lc-offset-vert": 0,
          "lc-offset-horz": 0,
          "lc-font-size": "12px",
          "lc-font-family": "",
          "lc-font-style": "",
          "lc-bkg-color": "",
          "lc-color": "",
          "lc-border-width": "0",
          "lc-border-style": "",
          "lc-border-color": "",
          "lc-border-radius": 10,
          "lc-zindex": 0,
          "html_prepend": "dest:   "
        },
        "style": {
          "left": "98px",
          "top": "120px",
          "width": "105px",
          "height": "51px"
        },
        "widgetSet": "basic"
      },
      "w00014": {
        "tpl": "tplValueStringRaw",
        "data": {
          "oid": "ems-esp.0.syslog.telegram.type_raw",
          "g_fixed": false,
          "g_visibility": false,
          "g_css_font_text": false,
          "g_css_background": false,
          "g_css_shadow_padding": false,
          "g_css_border": false,
          "g_gestures": false,
          "g_signals": false,
          "g_last_change": false,
          "visibility-cond": "==",
          "visibility-val": 1,
          "visibility-groups-action": "hide",
          "signals-cond-0": "==",
          "signals-val-0": true,
          "signals-icon-0": "/vis/signals/lowbattery.png",
          "signals-icon-size-0": 0,
          "signals-blink-0": false,
          "signals-horz-0": 0,
          "signals-vert-0": 0,
          "signals-hide-edit-0": false,
          "signals-cond-1": "==",
          "signals-val-1": true,
          "signals-icon-1": "/vis/signals/lowbattery.png",
          "signals-icon-size-1": 0,
          "signals-blink-1": false,
          "signals-horz-1": 0,
          "signals-vert-1": 0,
          "signals-hide-edit-1": false,
          "signals-cond-2": "==",
          "signals-val-2": true,
          "signals-icon-2": "/vis/signals/lowbattery.png",
          "signals-icon-size-2": 0,
          "signals-blink-2": false,
          "signals-horz-2": 0,
          "signals-vert-2": 0,
          "signals-hide-edit-2": false,
          "lc-type": "last-change",
          "lc-is-interval": true,
          "lc-is-moment": false,
          "lc-format": "",
          "lc-position-vert": "top",
          "lc-position-horz": "right",
          "lc-offset-vert": 0,
          "lc-offset-horz": 0,
          "lc-font-size": "12px",
          "lc-font-family": "",
          "lc-font-style": "",
          "lc-bkg-color": "",
          "lc-color": "",
          "lc-border-width": "0",
          "lc-border-style": "",
          "lc-border-color": "",
          "lc-border-radius": 10,
          "lc-zindex": 0,
          "html_prepend": "type raw:   "
        },
        "style": {
          "left": "177px",
          "top": "119px",
          "width": "112px",
          "height": "28px"
        },
        "widgetSet": "basic"
      },
      "w00015": {
        "tpl": "tplValueStringRaw",
        "data": {
          "oid": "ems-esp.0.syslog.telegram.type",
          "g_fixed": false,
          "g_visibility": false,
          "g_css_font_text": false,
          "g_css_background": false,
          "g_css_shadow_padding": false,
          "g_css_border": false,
          "g_gestures": false,
          "g_signals": false,
          "g_last_change": false,
          "visibility-cond": "==",
          "visibility-val": 1,
          "visibility-groups-action": "hide",
          "signals-cond-0": "==",
          "signals-val-0": true,
          "signals-icon-0": "/vis/signals/lowbattery.png",
          "signals-icon-size-0": 0,
          "signals-blink-0": false,
          "signals-horz-0": 0,
          "signals-vert-0": 0,
          "signals-hide-edit-0": false,
          "signals-cond-1": "==",
          "signals-val-1": true,
          "signals-icon-1": "/vis/signals/lowbattery.png",
          "signals-icon-size-1": 0,
          "signals-blink-1": false,
          "signals-horz-1": 0,
          "signals-vert-1": 0,
          "signals-hide-edit-1": false,
          "signals-cond-2": "==",
          "signals-val-2": true,
          "signals-icon-2": "/vis/signals/lowbattery.png",
          "signals-icon-size-2": 0,
          "signals-blink-2": false,
          "signals-horz-2": 0,
          "signals-vert-2": 0,
          "signals-hide-edit-2": false,
          "lc-type": "last-change",
          "lc-is-interval": true,
          "lc-is-moment": false,
          "lc-format": "",
          "lc-position-vert": "top",
          "lc-position-horz": "right",
          "lc-offset-vert": 0,
          "lc-offset-horz": 0,
          "lc-font-size": "12px",
          "lc-font-family": "",
          "lc-font-style": "",
          "lc-bkg-color": "",
          "lc-color": "",
          "lc-border-width": "0",
          "lc-border-style": "",
          "lc-border-color": "",
          "lc-border-radius": 10,
          "lc-zindex": 0,
          "html_prepend": "type:   "
        },
        "style": {
          "left": "297px",
          "top": "118px",
          "width": "91px",
          "height": "32px"
        },
        "widgetSet": "basic"
      },
      "w00016": {
        "tpl": "tplValueBoolCheckbox",
        "data": {
          "oid": "ems-esp.0.syslog.filter.polling",
          "g_fixed": false,
          "g_visibility": false,
          "g_css_font_text": true,
          "g_css_background": false,
          "g_css_shadow_padding": false,
          "g_css_border": false,
          "g_gestures": false,
          "g_signals": false,
          "g_last_change": false,
          "visibility-cond": "==",
          "visibility-val": 1,
          "visibility-groups-action": "hide",
          "signals-cond-0": "==",
          "signals-val-0": true,
          "signals-icon-0": "/vis/signals/lowbattery.png",
          "signals-icon-size-0": 0,
          "signals-blink-0": false,
          "signals-horz-0": 0,
          "signals-vert-0": 0,
          "signals-hide-edit-0": false,
          "signals-cond-1": "==",
          "signals-val-1": true,
          "signals-icon-1": "/vis/signals/lowbattery.png",
          "signals-icon-size-1": 0,
          "signals-blink-1": false,
          "signals-horz-1": 0,
          "signals-vert-1": 0,
          "signals-hide-edit-1": false,
          "signals-cond-2": "==",
          "signals-val-2": true,
          "signals-icon-2": "/vis/signals/lowbattery.png",
          "signals-icon-size-2": 0,
          "signals-blink-2": false,
          "signals-horz-2": 0,
          "signals-vert-2": 0,
          "signals-hide-edit-2": false,
          "lc-type": "last-change",
          "lc-is-interval": true,
          "lc-is-moment": false,
          "lc-format": "",
          "lc-position-vert": "top",
          "lc-position-horz": "right",
          "lc-offset-vert": 0,
          "lc-offset-horz": 0,
          "lc-font-size": "12px",
          "lc-font-family": "",
          "lc-font-style": "",
          "lc-bkg-color": "",
          "lc-color": "",
          "lc-border-width": "0",
          "lc-border-style": "",
          "lc-border-color": "",
          "lc-border-radius": 10,
          "lc-zindex": 0,
          "html_prepend": "polling"
        },
        "style": {
          "left": "614px",
          "top": "25px",
          "font-size": "large"
        },
        "widgetSet": "basic"
      },
      "w00019": {
        "tpl": "tplValueFloat",
        "data": {
          "oid": "ems-esp.0.syslog.server.port",
          "g_fixed": false,
          "g_visibility": false,
          "g_css_font_text": false,
          "g_css_background": false,
          "g_css_shadow_padding": false,
          "g_css_border": false,
          "g_gestures": false,
          "g_signals": false,
          "g_last_change": false,
          "visibility-cond": "==",
          "visibility-val": 1,
          "visibility-groups-action": "hide",
          "is_comma": "true",
          "factor": "1",
          "signals-cond-0": "==",
          "signals-val-0": true,
          "signals-icon-0": "/vis/signals/lowbattery.png",
          "signals-icon-size-0": 0,
          "signals-blink-0": false,
          "signals-horz-0": 0,
          "signals-vert-0": 0,
          "signals-hide-edit-0": false,
          "signals-cond-1": "==",
          "signals-val-1": true,
          "signals-icon-1": "/vis/signals/lowbattery.png",
          "signals-icon-size-1": 0,
          "signals-blink-1": false,
          "signals-horz-1": 0,
          "signals-vert-1": 0,
          "signals-hide-edit-1": false,
          "signals-cond-2": "==",
          "signals-val-2": true,
          "signals-icon-2": "/vis/signals/lowbattery.png",
          "signals-icon-size-2": 0,
          "signals-blink-2": false,
          "signals-horz-2": 0,
          "signals-vert-2": 0,
          "signals-hide-edit-2": false,
          "lc-type": "last-change",
          "lc-is-interval": true,
          "lc-is-moment": false,
          "lc-format": "",
          "lc-position-vert": "top",
          "lc-position-horz": "right",
          "lc-offset-vert": 0,
          "lc-offset-horz": 0,
          "lc-font-size": "12px",
          "lc-font-family": "",
          "lc-font-style": "",
          "lc-bkg-color": "",
          "lc-color": "",
          "lc-border-width": "0",
          "lc-border-style": "",
          "lc-border-color": "",
          "lc-border-radius": 10,
          "lc-zindex": 0,
          "html_prepend": "Port: "
        },
        "style": {
          "left": "29px",
          "top": "49px",
          "width": "155px",
          "height": "22px"
        },
        "widgetSet": "basic"
      }
    },
    "name": "telegrams",
    "activeWidgets": [
      "w00012",
      "w00014",
      "w00015"
    ],
    "filterList": [
      "RX"
    ]
  }
}